financials.Discount Band,financials.Country,Sum(financials. Sales),CountNonNull(financials.Month Name),Sum(financials.Gross Sales)
High,United States of America,11140926.280000001,51,12683271.5
High,Canada,8657237.659999998,53,9890655
High,France,5865834.735,45,6703921.5
High,Germany,4878794.360000001,40,5564373
High,Mexico,6829693.690000001,56,7847292
Low,United States of America,6273404.135000001,34,6432206.5
Low,Canada,6537899.370000001,31,6697135.5
Low,France,5913163.185,31,6068296.5
Low,Germany,10316608.08,34,10604809
Low,Mexico,5588703.93,30,5713007
Medium,United States of America,7168350.749999999,47,7706731
Medium,Canada,7865428.355,44,8517283.5
Medium,France,10057889.36,55,10792171.5
Medium,Germany,5824029.879999998,50,6266377
Medium,Mexico,7864732.489999999,46,8500414
None,United States of America,447149,8,447149
None,Canada,1827089.5,12,1827089.5
None,France,2517285,9,2517285
None,Germany,2485908.5,16,2485908.5
None,Mexico,666222,8,666222